,respondent_id,h1n1_vaccine,seasonal_vaccine,h1n1_concern,h1n1_knowledge,behavioral_avoidance,behavioral_large_gatherings,behavioral_outside_home,chronic_med_condition,opinion_h1n1_vacc_effective,opinion_h1n1_risk,opinion_h1n1_sick_from_vacc,opinion_seas_vacc_effective,opinion_seas_risk,opinion_seas_sick_from_vacc,age_group,education,sex,income_poverty,employment_status
count,26707.0,26707.0,26707.0,26615.0,26591.0,26499.0,26620.0,26625.0,25736.0,26316.0,26319.0,26312.0,26245.0,26193.0,26170.0,26707.0,25300.0,26707.0,22284.0,25244.0
mean,13353.0,0.2124536638334519,0.4656082674954132,1.6184858162690212,1.2625324357865444,0.7256122872561229,0.3586401202103681,0.33731455399061033,0.28326080198943115,3.85062319501444,2.3425662069227555,2.357669504408635,4.025985902076586,2.719161608063223,2.1181123423767674,2.1861309768974424,1.9831620553359683,0.5937769124199648,1.1845718901453959,1.3477261923625417
std,7709.791155839869,0.4090517934289986,0.4988251453548862,0.9103106893546449,0.6181491336862498,0.44621363670283487,0.47961028500629155,0.47280211674067785,0.4505907334523592,1.0074357743451576,1.2855392866937578,1.362765917171576,1.0865649035818967,1.385055181359431,1.3329499250470747,1.4573204107776752,1.000786817135672,0.4911363584544002,0.626561893146478,0.5847586650313606
min,0.0,0.0,0.0,0.0,0.0,0.0,0.0,0.0,0.0,1.0,1.0,1.0,1.0,1.0,1.0,0.0,0.0,0.0,0.0,0.0
25%,6676.5,0.0,0.0,1.0,1.0,0.0,0.0,0.0,0.0,3.0,1.0,1.0,4.0,2.0,1.0,1.0,1.0,0.0,1.0,1.0
50%,13353.0,0.0,0.0,2.0,1.0,1.0,0.0,0.0,0.0,4.0,2.0,2.0,4.0,2.0,2.0,2.0,2.0,1.0,1.0,1.0
75%,20029.5,0.0,1.0,2.0,2.0,1.0,1.0,1.0,1.0,5.0,4.0,4.0,5.0,4.0,4.0,4.0,3.0,1.0,2.0,2.0
max,26706.0,1.0,1.0,3.0,2.0,1.0,1.0,1.0,1.0,5.0,5.0,5.0,5.0,5.0,5.0,4.0,3.0,1.0,2.0,2.0
